ticker,PX_OPEN,PX_HIGH,PX_LOW,PX_LAST,PX_VOLUME
AAPL,296.24,300.6,295.19,300.35,33911864.0
AMZN,1875.0,1898.01,1864.15,1898.01,4035910.0
FB,206.75,209.79,206.27,209.78,12090707.0
GOOG,1341.55,1368.14,1341.55,1367.37,1406731.0
MSFT,158.78,160.73,158.33,160.62,22634546.0
NFLX,326.1,329.98,324.78,329.81,4348493.0
TSLA,424.5,430.69599999999997,421.71,430.26,9558386.0
AAPL,297.15,300.58,296.5,297.43,36633878.0
AMZN,1864.5,1886.1970000000001,1864.5,1874.97,3766604.0
FB,207.21400000000003,210.4,206.95,208.67,11197416.0
GOOG,1347.86,1372.5,1345.5439999999999,1360.66,1187006.0
MSFT,158.32,159.945,158.06,158.62,21121681.0
NFLX,326.78,329.86,325.53,325.9,3795466.0
TSLA,440.5,454.0,436.92,443.01,17794697.0
AAPL,293.79,299.96,292.75,299.8,29644644.0
AMZN,1860.0,1903.69,1860.0,1902.88,4065698.0
FB,206.7,212.78,206.52,212.6,17073861.0
GOOG,1350.0,1396.5,1350.0,1394.21,1733149.0
MSFT,157.08,159.1,156.51,159.03,20826702.0
NFLX,323.12,336.36,321.2,335.83,5668577.0
TSLA,440.47,451.56,440.0,451.54,10157499.0
AAPL,299.84,300.9,297.48,298.39,27877655.0
AMZN,1904.5,1913.89,1892.043,1906.86,4134010.0
FB,212.82,214.58,211.75,213.06,15111857.0
GOOG,1397.94,1402.99,1390.38,1393.34,1511693.0
MSFT,159.32,159.67,157.32,157.58,21881740.0
NFLX,336.47,336.7,330.3,330.75,4742458.0
TSLA,461.4,471.63,453.355,469.06,18209138.0
AAPL,297.16,304.44,297.156,303.19,33090946.0
AMZN,1898.04,1911.0,1886.445,1891.97,3511966.0
FB,213.0,216.24,212.612,215.22,13492703.0
GOOG,1392.08,1411.58,1390.84,1404.32,1529177.0
MSFT,158.93,160.8,157.9491,160.09,27762026.0
NFLX,331.49,342.7,331.05,339.26,7109117.0
TSLA,473.7,498.49,468.23,492.14,31199393.0
AAPL,307.235,310.43,306.2,309.63,42621542.0
AMZN,1909.89,1917.82,1895.8039999999999,1901.05,3174962.0
FB,217.54,218.38,216.278,218.3,12679579.0
GOOG,1420.57,1427.33,1410.27,1419.83,1502664.0
MSFT,161.835,162.215,161.03,162.09,21399951.0
NFLX,342.0,343.42,334.61,335.66,4717430.0
TSLA,497.1,498.8,472.87,481.34,28463186.0
AAPL,310.6,312.67,308.25,310.33,35217272.0
AMZN,1905.37,1906.94,1880.0,1883.16,2856959.0
FB,219.2,219.88,217.42,218.06,12127432.0
GOOG,1427.56,1434.9289999999999,1418.35,1429.73,1821566.0
MSFT,162.8235,163.22,161.18,161.34,20733946.0
NFLX,337.13,338.5,327.27,329.05,4720540.0
TSLA,481.79,484.94,473.7,478.15,12976832.0
AAPL,311.64,317.07,311.15,316.96,30521722.0
AMZN,1891.31,1898.0,1880.8,1891.3,2785844.0
FB,219.59599999999998,221.97,219.21,221.91,14494517.0
GOOG,1436.13,1440.52,1426.02,1439.23,1653482.0
MSFT,161.76,163.31,161.26,163.28,21637007.0
NFLX,331.8,340.85,331.51,338.92,6296174.0
TSLA,493.5,525.63,492.0,524.86,26634547.0
AAPL,316.7,317.57,312.17,312.68,40653457.0
AMZN,1885.88,1887.11,1858.55,1869.44,3446381.0
FB,221.61,222.38,218.63,219.06,13315361.0
GOOG,1439.01,1441.8,1428.37,1430.88,1560453.0
MSFT,163.39,163.6,161.72,162.13,23500783.0
NFLX,344.4,345.38,335.52,338.69,7201544.0
TSLA,544.255,547.41,524.9,537.92,29061377.0
AAPL,311.85,315.5,309.55,311.34,30480882.0
AMZN,1872.25,1878.86,1855.09,1862.02,2896592.0
FB,220.61,221.68,220.14,221.15,10036475.0
GOOG,1430.21,1441.395,1430.21,1439.2,1282685.0
MSFT,162.62,163.94,162.57,163.18,21417871.0
NFLX,338.68,343.17,336.6,339.07,5158035.0
TSLA,529.76,537.84,516.785,518.5,17368831.0
AAPL,313.59,315.7,312.09,315.24,27207254.0
AMZN,1882.99,1885.59,1866.02,1877.94,2659493.0
FB,222.57,222.63,220.39,221.77,10015288.0
GOOG,1447.44,1451.99,1440.92,1451.7,1173688.0
MSFT,164.35,166.24,164.03,166.17,23865360.0
NFLX,343.5,343.555,335.85,338.62,5015997.0
TSLA,493.75,514.46,492.17,513.49,21736653.0
AAPL,316.27,318.74,315.0,318.73,34454117.0
AMZN,1885.89,1886.64,1857.25,1864.72,3997340.0
FB,222.03,222.29,220.53,222.14,15905944.0
GOOG,1462.91,1481.295,1458.22,1480.39,2396215.0
MSFT,167.42,167.4675,165.43,167.1,34371659.0
NFLX,341.0,341.57,337.38,339.67,6066547.0
TSLA,507.61,515.67,503.16,510.5,13629073.0
AAPL,317.19,319.02,316.0,316.57,27710814.0
AMZN,1865.0,1894.27,1860.0,1892.0,3707785.0
FB,222.155,222.37,219.12,221.44,14275784.0
GOOG,1479.12,1491.85,1471.2,1484.4,2036780.0
MSFT,166.68,168.19,166.43,166.5,29517191.0
NFLX,340.0,341.0,332.59,338.11,14350322.0
TSLA,530.25,548.58,528.41,547.2,17803471.0
AAPL,318.58,319.99,317.31,317.7,25458115.0
AMZN,1896.09,1902.5,1883.34,1887.46,3216257.0
FB,222.31,222.75,221.28,221.32,12212814.0
GOOG,1491.0,1503.214,1484.93,1485.95,1610846.0
MSFT,167.4,167.49,165.68,165.7,24138777.0
NFLX,332.55,336.3,323.6,326.0,21729959.0
TSLA,571.89,594.5,559.1,569.56,31369028.0
AAPL,317.92,319.56,315.65,319.23,26117993.0
AMZN,1885.11,1889.975,1872.76,1884.58,2484613.0
FB,220.75,221.485,219.27,219.76,11195000.0
GOOG,1487.64,1495.52,1482.1,1486.65,1351354.0
MSFT,166.19,166.8,165.27,166.72,19680766.0
NFLX,326.04,349.88,325.01,349.6,18200293.0
TSLA,564.25,582.0,555.6030000000001,572.2,19651042.0
AAPL,320.25,323.33,317.519,318.31,36634380.0
AMZN,1891.37,1894.99,1847.44,1861.64,3766181.0
FB,220.8,221.78,216.11,217.94,11905824.0
GOOG,1493.59,1495.495,1465.25,1466.71,1784644.0
MSFT,167.51,167.53,164.45,165.04,24918117.0
NFLX,348.46,359.85,345.88,353.16,17939681.0
TSLA,570.63,573.86,554.26,564.82,14353600.0
AAPL,310.06,311.77,304.88,308.95,40485005.0
AMZN,1820.0,1841.0,1815.34,1828.34,3528509.0
FB,213.1,216.06,212.5,214.87,13810655.0
GOOG,1431.0,1438.07,1421.2,1433.9,1755201.0
MSFT,161.15,163.375,160.2,162.28,32078067.0
NFLX,345.95,351.9,341.02,342.88,7709482.0
TSLA,541.99,564.44,539.28,558.02,13608068.0
AAPL,312.6,318.4,312.19,317.69,40558486.0
AMZN,1840.5,1858.11,1830.02,1853.25,2808040.0
FB,216.14,218.74,213.52,217.79,13413835.0
GOOG,1443.0,1456.0,1432.47,1452.56,1577422.0
MSFT,163.78,165.755,163.07299999999998,165.46,24899940.0
NFLX,345.88,352.4,342.78,348.52,6821581.0
TSLA,568.49,576.81,558.08,566.9,11788493.0
AAPL,324.45,327.85,321.38,324.34,54149928.0
AMZN,1864.0,1874.75,1855.02,1858.0,2101390.0
FB,221.44,224.2,218.45,223.23,33610005.0
GOOG,1458.8,1465.43,1446.74,1458.63,1078667.0
MSFT,167.84,168.75,165.69,168.04,35127771.0
NFLX,349.0,349.4,338.55,343.16,7649183.0
TSLA,575.69,589.8,567.43,580.99,18216672.0
AAPL,320.54400000000004,324.09,318.75,323.87,31685808.0
AMZN,1858.0,1872.87,1850.61,1870.68,6327438.0
FB,206.53,211.43,204.75,209.53,48775500.0
GOOG,1439.96,1457.28,1436.4,1455.84,1339421.0
MSFT,174.05,174.05,170.79,172.78,51597470.0
NFLX,341.1,348.2,339.25,347.74,5328136.0
TSLA,632.42,650.88,618.0,640.81,29005676.0
AAPL,320.93,322.68,308.29,309.51,49897096.0
AMZN,2051.47,2055.72,2002.27,2008.72,15567283.0
FB,208.43,208.69,201.06,201.91,31359917.0
GOOG,1468.9,1470.13,1428.53,1434.23,2417214.0
MSFT,172.21,172.4,169.58,170.23,36142690.0
NFLX,347.39,347.39,340.98,345.09,5230001.0
TSLA,640.0,653.0,632.52,650.57,15719266.0
AAPL,304.3,313.49,302.22,308.66,43496401.0
AMZN,2010.6,2048.5,2000.25,2004.2,5899094.0
FB,203.44,205.14,202.5,204.19,15510509.0
GOOG,1462.0,1490.0,1458.99,1485.94,3055216.0
MSFT,170.43,174.5,170.4,174.38,30149052.0
NFLX,347.24,359.63,346.28,358.0,6674885.0
TSLA,673.69,786.14,673.52,780.0,47233495.0
AAPL,315.31,319.64,313.635,318.85,34154134.0
AMZN,2029.88,2059.8,2015.37,2049.67,5289338.0
FB,206.61700000000002,210.6,205.202,209.83,19628890.0
GOOG,1457.07,1469.5,1426.3,1447.07,3932954.0
MSFT,177.14,180.64,176.31,180.12,36433339.0
NFLX,361.0,369.57,356.096,369.01,7161451.0
TSLA,882.96,968.99,833.88,887.06,60938758.0
AAPL,323.52,324.76,318.95,321.45,29706718.0
AMZN,2071.02,2071.02,2032.0,2039.87,4376174.0
FB,212.51,212.73,208.71,210.11,12538154.0
GOOG,1462.42,1463.84,1430.56,1448.23,1986157.0
MSFT,184.03,184.2,178.4101,179.9,39186324.0
NFLX,375.125,375.25,362.3,369.67,6437026.0
TSLA,823.26,845.98,704.1110000000001,734.7,48423837.0
AAPL,322.57,325.22,320.265,325.21,26356385.0
AMZN,2041.02,2056.3,2024.8,2050.23,3182954.0
FB,210.47,211.19,209.338,210.85,10567533.0
GOOG,1450.33,1482.0,1449.57,1476.23,1679384.0
MSFT,180.97,183.8199,180.05900000000003,183.63,27751381.0
NFLX,369.6,371.55,362.505,366.95,3920428.0
TSLA,699.92,795.83,687.0,748.96,39880752.0
AAPL,322.37,323.4,318.0,320.03,29421012.0
AMZN,2041.99,2098.53,2038.1,2079.28,5095347.0
FB,210.3,212.82,209.93,212.33,12242530.0
GOOG,1467.3,1485.84,1466.35,1479.23,1172270.0
MSFT,182.845,185.63,182.48,183.89,33529074.0
NFLX,365.04,371.8,363.57,366.77,4385227.0
TSLA,730.55,769.75,730.0,748.07,17063521.0
AAPL,314.18,321.55,313.85,321.55,27337215.0
AMZN,2085.01,2135.6,2084.96,2133.91,5056235.0
FB,211.52,213.8,210.66,213.06,11856350.0
GOOG,1474.32,1509.5,1474.32,1508.68,1419876.0
MSFT,183.58,188.84,183.25,188.7,35844267.0
NFLX,365.0,374.8,362.52,371.07,5294138.0
TSLA,800.0,819.99,752.4,771.28,24689163.0
AAPL,323.6,323.9,318.71,319.61,23580780.0
AMZN,2150.9,2185.95,2136.0,2150.8,5746011.0
FB,210.19,210.86,206.51,207.19,25030810.0
GOOG,1511.81,1529.63,1505.638,1508.79,1344633.0
MSFT,190.65,190.7,183.5,184.44,53159906.0
NFLX,373.75,378.11,369.72,373.69,4772870.0
TSLA,768.79,783.5060000000001,758.0,774.38,11697473.0
AAPL,321.47,327.22,321.47,327.2,28432573.0
AMZN,2163.2,2180.25,2155.29,2160.0,3334264.0
FB,207.85,211.22,207.4,210.76,13813704.0
GOOG,1514.48,1520.695,1508.11,1518.27,1167565.0
MSFT,185.58,185.85,181.85,184.71,47062921.0
NFLX,377.18,380.62,375.88,380.01,4624772.0
TSLA,777.87,789.75,763.37,767.29,12022470.0
AAPL,324.19,326.22,323.35,324.87,23686892.0
AMZN,2144.99,2170.28,2142.0,2149.87,3031791.0
FB,209.524,214.326,209.18,213.14,15396625.0
GOOG,1512.69,1527.18,1504.6,1514.66,929730.0
MSFT,183.08,186.23,182.872,183.71,35295834.0
NFLX,376.96,385.37,376.51,381.4,4485383.0
TSLA,741.84,818.0,735.0,804.0,26289348.0
AAPL,324.74,325.98,322.85,324.95,20028447.0
AMZN,2155.68,2159.035,2125.89,2134.87,2606169.0
FB,214.0,214.93,212.65,214.18,10741747.0
GOOG,1515.6,1520.74,1507.34,1520.74,1197836.0
MSFT,183.25,185.41,182.65,185.35,23149516.0
NFLX,381.47,385.15,379.434,380.4,3736266.0
TSLA,787.22,812.97,785.5,800.03,15693711.0
AAPL,315.36,319.75,314.61,319.0,38190545.0
AMZN,2125.02,2166.07,2124.105,2155.67,2951070.0
FB,213.55,217.975,213.4,217.8,15630026.0
GOOG,1515.0,1531.63,1512.59,1519.67,1121140.0
MSFT,185.605,187.7,185.5,187.23,27853113.0
NFLX,379.3,389.54,379.19,387.78,5180400.0
TSLA,841.6,860.0,832.36,858.4,16698369.0
AAPL,320.0,324.57,320.0,323.62,23495991.0
AMZN,2167.8,2185.1,2161.12,2170.22,2561165.0
FB,217.99,218.32,216.11,217.49,12135114.0
GOOG,1525.07,1532.106,1521.4,1526.69,949268.0
MSFT,188.06,188.18,186.47,187.28,29997471.0
NFLX,388.12,392.95,384.9,386.19,4896368.0
TSLA,923.5,944.78,901.02,917.42,25422958.0
AAPL,322.63,324.65,318.21,320.3,25141489.0
AMZN,2173.07,2176.79,2127.45,2153.1,3131342.0
FB,216.52,218.765,212.945,214.58,13109213.0
GOOG,1522.0,1529.64,1506.82,1518.15,1096552.0
MSFT,186.95,187.25,181.1,184.42,36862376.0
NFLX,386.56,389.7,376.68,386.0,4079425.0
TSLA,911.95,912.0,859.94,899.41,17634893.0
AAPL,318.62,320.45,310.5,313.05,32426415.0
AMZN,2142.15,2144.55,2088.0,2095.97,4650740.0
FB,213.48,214.237,208.831,210.18,14098432.0
GOOG,1508.03,1512.215,1480.44,1485.11,1732273.0
MSFT,183.17,183.5,177.25,178.59,48600385.0
NFLX,385.33,387.32,377.901,380.07,3935618.0
TSLA,906.98,913.06,880.45,901.0,14339446.0
AAPL,297.26,304.18,289.23,298.18,55548828.0
AMZN,2003.18,2039.295,1987.974,2009.29,6546997.0
FB,201.8,203.65,198.17,200.72,23080057.0
GOOG,1426.11,1436.97,1411.39,1421.59,2867053.0
MSFT,167.77,174.55,163.23,170.89,68311066.0
NFLX,364.76,372.82,361.0,368.7,6936418.0
TSLA,839.0,863.5,822.2,833.79,15192163.0
AAPL,300.95,302.53,286.13,288.08,57668364.0
AMZN,2026.42,2034.6,1958.42,1972.74,6219094.0
FB,202.25,203.5,195.954,196.77,21433487.0
GOOG,1433.0,1438.14,1382.4,1388.45,2478278.0
MSFT,174.2,174.84,167.6462,168.07,68073295.0
NFLX,372.0,375.65,357.72,360.09,6481243.0
TSLA,849.0,856.6,787.0,799.91,17290481.0
AAPL,286.53,297.88,286.5,292.65,49678431.0
AMZN,1970.28,2014.67,1960.45,1979.59,5240402.0
FB,197.19,201.21,195.49,197.2,16555210.0
GOOG,1396.14,1415.7,1379.0,1393.18,2204037.0
MSFT,169.71,173.26,168.21,170.17,56387148.0
NFLX,366.31,382.0,365.0,379.24,8961126.0
TSLA,782.5,813.31,776.11,778.8,14153843.0
AAPL,281.1,286.0,272.96,273.52,80151381.0
AMZN,1934.38,1975.0,1882.7620000000002,1884.3,8143993.0
FB,191.82,195.88,189.5,189.75,21682626.0
GOOG,1362.06,1371.704,1317.17,1318.09,2978300.0
MSFT,163.32,167.03,157.98,158.18,93174906.0
NFLX,371.46,391.56199999999995,370.596,371.71,10967699.0
TSLA,730.0,739.77,669.0,679.0,24277160.0
AAPL,257.26,278.41,256.37,273.36,106721230.0
AMZN,1814.63,1889.76,1811.129,1883.75,9493797.0
FB,182.695,192.74,181.82,192.47,32583494.0
GOOG,1277.5,1341.14,1271.0,1339.33,3790618.0
MSFT,152.41,163.71,152.0,162.01,97073557.0
NFLX,364.21,376.77,356.8,369.03,11178572.0
TSLA,629.7,690.52,611.52,667.99,24564171.0
AAPL,282.28,301.44,277.72,298.81,85349339.0
AMZN,1906.49,1954.51,1870.0,1953.95,6761651.0
FB,194.03,196.57,188.85,196.44,24948955.0
GOOG,1351.61,1390.87,1326.815,1389.11,2431468.0
MSFT,165.31,172.92,162.31,172.79,71030810.0
NFLX,373.11,381.36,364.50199999999995,381.05,6997891.0
TSLA,711.26,743.69,686.67,743.62,20194991.0
AAPL,303.67,304.0,285.8,289.32,79868852.0
AMZN,1975.37,1996.33,1888.09,1908.99,7534491.0
FB,196.22,197.24,183.97,185.89,27984104.0
GOOG,1399.42,1410.15,1332.0,1341.39,2402326.0
MSFT,173.8,175.0,162.26,164.51,71677019.0
NFLX,381.03,393.52,367.4,368.77,8364623.0
TSLA,805.0,806.98,716.1110000000001,745.51,25784003.0
AAPL,296.44,303.4,293.13,302.74,54794568.0
AMZN,1946.57,1978.0,1922.0,1975.83,4772919.0
FB,189.17,191.83,186.39,191.76,23062473.0
GOOG,1359.23,1388.09,1343.11,1386.52,1913315.0
MSFT,168.485,170.7,165.62,170.55,49814383.0
NFLX,377.77,384.01,370.51,383.79,5487340.0
TSLA,763.96,766.52,724.735,749.5,15048977.0
AAPL,295.52,299.55,291.41,292.92,46893219.0
AMZN,1933.0,1960.72,1910.0,1924.03,4748210.0
FB,186.78,188.99,183.89,185.17,19333425.0
GOOG,1350.2,1358.91,1305.1,1319.04,2561288.0
MSFT,166.045,170.87,165.69,166.27,47817251.0
NFLX,381.0,391.4,368.64,372.78,8746985.0
TSLA,723.77,745.75,718.07,724.54,10852657.0
AAPL,282.0,290.82,281.23,289.03,56544246.0
AMZN,1875.0,1910.87,1869.5,1901.09,5273580.0
FB,178.33,183.78,176.26,181.09,24559550.0
GOOG,1277.06,1306.22,1261.05,1298.41,2660628.0
MSFT,162.61,163.11,156.0,161.57,72821057.0
NFLX,367.7,371.31,356.85,368.97,8147165.0
TSLA,690.0039999999999,707.0,684.27,703.48,12662918.0
AAPL,263.75,278.09,263.0,266.17,71686208.0
AMZN,1773.86,1862.77,1761.29,1800.61,7813232.0
FB,169.6,175.0,165.19,169.5,29949041.0
GOOG,1205.3,1254.76,1200.0,1215.56,3365365.0
MSFT,151.0,157.75,150.0,150.62,70419274.0
NFLX,343.86,357.47,341.721,346.49,7405458.0
TSLA,605.39,662.998,605.0,608.0,17073740.0
AAPL,277.14,286.44,269.37,285.34,71322520.0
AMZN,1870.88,1894.27,1818.17,1891.82,7133310.0
FB,174.67,178.29,169.5,178.19,24517791.0
GOOG,1260.0,1281.15,1218.77,1280.39,2611373.0
MSFT,158.16,161.03,152.58,160.92,65354385.0
NFLX,356.425,364.54,347.85,364.13,7604444.0
TSLA,659.43,668.0,608.0,645.33,15594443.0
AAPL,277.39,281.22,271.86,275.43,64094970.0
AMZN,1857.85,1871.319,1801.5,1820.86,5646831.0
FB,174.01,175.88,167.66,170.24,20397204.0
GOOG,1249.7,1260.96,1196.07,1215.41,2611229.0
MSFT,157.13,157.7,151.15,153.63,56504304.0
NFLX,358.92,362.98,344.79,349.92,6058782.0
TSLA,640.2,653.58,613.0,634.23,13413587.0
AAPL,255.94,270.0,248.0,248.23,104618517.0
AMZN,1721.98,1765.0,1675.0,1676.61,11346214.0
FB,159.54,166.6,154.34,154.47,43266335.0
GOOG,1126.0,1193.87,1113.3,1114.91,4226748.0
MSFT,145.3,153.47,138.58,139.06,93226366.0
NFLX,326.5,335.72,307.32,315.25,12071591.0
TSLA,580.89,594.5,546.25,560.55,18909052.0
AAPL,264.89,279.92,252.95,277.97,92683032.0
AMZN,1755.0,1786.31,1680.62,1785.0,8809725.0
FB,163.53,170.79,157.6,170.28,35028627.0
GOOG,1179.0,1219.76,1117.143,1219.73,3700125.0
MSFT,147.5,161.91,140.73,158.83,92727446.0
NFLX,330.51,336.42,307.39,336.295,9458197.0
TSLA,595.0,607.57,502.0,546.62,22640254.0
AAPL,241.95,259.08,240.0,242.21,80605865.0
AMZN,1641.51,1759.4520000000002,1626.0320000000002,1689.15,8917265.0
FB,152.32,159.13,143.1,146.01,39120419.0
GOOG,1096.0,1152.266,1074.44,1084.33,4252365.0
MSFT,140.0,149.35,135.0,135.42,87905868.0
NFLX,306.63,334.35,294.75,298.84,10559940.0
TSLA,469.5,494.87,442.17,445.07,20489464.0
AAPL,247.51,257.61,238.4,252.86,81013965.0
AMZN,1775.47,1857.775,1689.24,1807.84,10917129.0
FB,150.74,153.94,140.0,149.42,34255596.0
GOOG,1093.11,1130.86,1056.01,1119.8,3861489.0
MSFT,140.0,147.4998,135.0,146.57,81059817.0
NFLX,306.19,322.9,290.25,319.75,10013913.0
TSLA,440.01,471.85,396.0,430.2,23994580.0
AAPL,239.77,250.0,237.12,246.67,75058406.0
AMZN,1750.0,1841.66,1745.0,1830.0,9645218.0
FB,139.75,148.18,137.101,146.96,37553136.0
GOOG,1056.51,1106.5,1037.28,1096.8,4233435.0
MSFT,138.0,146.0,135.02,140.4,81593173.0
NFLX,302.395,331.579,300.0,315.47,12593647.0
TSLA,389.0,404.86,350.51,361.22,23786162.0
AAPL,247.385,252.84,242.61,244.78,67964255.0
AMZN,1860.0,1945.0,1832.65,1880.93,10399943.0
FB,146.62,159.929,144.8,153.13,39862312.0
GOOG,1093.05,1157.97,1060.108,1115.29,3651106.0
MSFT,142.77,150.15,139.0,142.71,85922661.0
NFLX,324.33,348.51,316.82,332.03,10615957.0
TSLA,374.69699999999995,452.0,358.46,427.64,30195460.0
AAPL,247.18,251.83,228.0,229.24,100423346.0
AMZN,1926.31,1957.0,1820.73,1846.09,9817850.0
FB,156.02,159.27,148.0,149.73,32568398.0
GOOG,1135.72,1143.99,1065.49,1072.32,3601750.0
MSFT,146.0,147.1,135.86,137.35,84866215.0
NFLX,342.31,350.49,332.0,332.83,10853846.0
TSLA,438.2,477.0,425.79,427.53,28285502.0
AAPL,228.08,228.5,212.61,224.37,84188208.0
AMZN,1827.75,1919.4,1812.0,1902.83,7808489.0
FB,149.66,152.31,142.25,148.1,29830765.0
GOOG,1061.32,1071.32,1013.5360000000001,1056.62,4044137.0
MSFT,137.01,140.57,132.52,135.98,78975176.0
NFLX,347.89,366.11,340.884,360.27,13449378.0
TSLA,433.6,442.0,410.5,434.29,16454549.0
AAPL,236.36,247.69,234.3,246.88,71882773.0
AMZN,1951.495,1955.0,1900.34,1940.1,7147080.0
FB,155.205,161.31,152.57,160.98,30440369.0
GOOG,1103.77,1135.0,1090.62,1134.46,3344450.0
MSFT,143.75,149.6,141.27,148.34,82516727.0
NFLX,369.99,372.93,353.03,357.32,11638683.0
TSLA,477.3,513.69,474.0,505.0,22895170.0
AAPL,250.75,258.25,244.3,245.52,75900510.0
AMZN,1920.69,1950.26,1885.78,1885.84,6479073.0
FB,158.92,162.99,153.06,156.21,35184271.0
GOOG,1126.47,1148.9,1086.01,1102.49,4081528.0
MSFT,148.91,154.33,144.44,146.92,75638224.0
NFLX,361.02,362.0,339.17,342.39,8767171.0
TSLA,545.25,557.0,511.11,539.25,21222745.0
AAPL,246.52,258.68,246.36,258.44,63140169.0
AMZN,1902.0,1956.49,1889.29,1955.49,6235118.0
FB,158.25,164.0,157.02,163.34,26579021.0
GOOG,1111.8,1169.97,1093.53,1161.75,3573755.0
MSFT,148.4,156.66,148.37,156.11,64694427.0
NFLX,344.0,363.84,341.73,362.99,7235016.0
TSLA,547.39,560.0,512.25,528.16,17422082.0
AAPL,252.75,255.87,247.05,247.74,51054153.0
AMZN,1930.86,1939.79,1899.92,1900.1,5387897.0
FB,158.2,160.09,154.75,156.79,24879869.0
GOOG,1125.67,1150.67,1105.91,1110.71,3208495.0
MSFT,151.75,154.89,149.2,149.7,57042291.0
NFLX,359.09,368.56,353.0,357.12,7948775.0
TSLA,505.0,525.8,494.03,514.36,14377408.0
AAPL,250.74,255.52,249.4,254.81,41994110.0
AMZN,1922.83,1973.63,1912.34,1963.95,6126087.0
FB,159.18,166.75,158.06,165.95,22515225.0
GOOG,1125.04,1151.63,1096.48,1146.82,2574061.0
MSFT,152.44,160.6,150.01,160.23,63420326.0
NFLX,363.0,377.8,361.17,370.96,8621964.0
TSLA,510.26,516.6469999999999,491.23,502.13,11998067.0
AAPL,255.6,262.49,252.0,254.29,49250501.0
AMZN,1964.35,1993.02,1944.01,1949.72,5123626.0
FB,165.48,170.93,164.2,166.8,23676283.0
GOOG,1147.3,1175.31,1138.14,1162.81,2487983.0
MSFT,159.4,164.78,156.56,157.71,77927186.0
NFLX,367.93,383.01,366.44,375.5,9366464.0
TSLA,501.25,542.96,497.0,524.0,17771485.0
AAPL,246.5,248.72,239.13,240.91,44054638.0
AMZN,1932.97,1944.96,1893.0,1907.7,4121875.0
FB,161.615,164.15,158.035,159.6,19507559.0
GOOG,1122.0,1129.69,1097.45,1105.62,2344173.0
MSFT,153.0,157.75,150.82,152.11,57969926.0
NFLX,376.05,380.233,361.02,364.08,6672454.0
TSLA,504.0,513.955,475.1,481.56,13353180.0
AAPL,240.34,245.15,236.9,244.93,41483493.0
AMZN,1901.64,1927.526,1890.0,1918.83,4335985.0
FB,159.1,161.351,155.92,158.19,20886309.0
GOOG,1098.26,1126.86,1096.4,1120.84,1964881.0
MSFT,151.86,155.48,150.36,155.26,49630735.0
NFLX,364.08,370.99,360.06,370.08,4592477.0
TSLA,481.03,494.26,446.4,454.47,19858427.0
AAPL,242.8,245.7,238.97400000000002,241.41,32470017.0
AMZN,1911.15,1926.33,1889.15,1906.59,3609870.0
FB,157.15,157.91,150.83,154.18,25983317.0
GOOG,1119.015,1123.54,1079.81,1097.88,2313400.0
MSFT,155.1,157.38,152.19,153.83,41243284.0
NFLX,367.47,370.9,357.51,361.76,4860768.0
TSLA,509.5,515.49,468.39,480.01,22562076.0
AAPL,250.9,263.11,249.38,262.47,50455071.0
AMZN,1936.0,1998.52,1930.02,1997.59,5773181.0
FB,160.15,166.2,158.51,165.55,28453581.0
GOOG,1138.0,1194.66,1130.94,1186.92,2664723.0
MSFT,160.32,166.5,157.58,165.27,67111697.0
NFLX,365.22,380.29,361.71,379.96,8183921.0
TSLA,511.2,521.0,497.96,516.24,14901836.0
AAPL,270.8,271.7,259.0,259.43,50721831.0
AMZN,2017.11,2035.72,1997.62,2011.6,5113983.0
FB,171.79,173.39,166.01,168.83,31411919.0
GOOG,1221.0,1225.0,1182.23,1186.51,2387329.0
MSFT,169.585,170.0,163.26,163.49,62769038.0
NFLX,380.0,381.33,369.34,372.28,7046438.0
TSLA,545.0,565.0,532.34,545.45,17919784.0
AAPL,262.74,267.37,261.23,266.07,42223821.0
AMZN,2021.0,2044.0,2011.15,2043.0,3977313.0
FB,171.25,175.0,167.74,174.28,21664198.0
GOOG,1206.5,1219.07,1188.16,1210.28,1975135.0
MSFT,165.67,166.67,163.5,165.13,48318234.0
NFLX,374.01,378.39,368.31,371.12,6908879.0
TSLA,554.2,557.2080000000001,533.33,548.84,12656024.0
AAPL,268.7,270.07,264.7,267.99,40529123.0
AMZN,2044.3,2053.0,2017.66,2042.76,4655617.0
FB,175.9,177.08,171.57,175.19,23534287.0
GOOG,1224.08,1225.57,1196.735,1211.45,2175421.0
MSFT,166.36,167.37,163.33,165.14,51431775.0
NFLX,371.06,372.1,363.03,370.72,7711296.0
TSLA,562.09,575.182,557.11,573.0,13650000.0
AAPL,268.31,273.7,265.83,273.25,32755731.0
AMZN,2040.0,2180.0,2038.0,2168.87,6716709.0
FB,173.67,175.0,169.45,174.79,19355355.0
GOOG,1209.18,1220.51,1187.598,1217.56,1739828.0
MSFT,164.35,165.57,162.3,165.51,41905264.0
NFLX,371.31,400.51,367.7,396.72,11692922.0
TSLA,590.16,652.0,580.53,650.95,22475421.0
AAPL,280.0,288.25,278.05,287.05,48748672.0
AMZN,2200.47,2292.0,2186.21,2283.32,8087193.0
FB,178.976,181.225,176.62,178.17,21011815.0
GOOG,1245.09,1282.07,1236.93,1269.23,2470353.0
MSFT,169.0,173.75,168.0,173.7,52874338.0
NFLX,397.5,417.82,394.847,413.55,11580983.0
TSLA,698.97,741.88,692.43,709.89,30576511.0
AAPL,282.4,286.33,280.63,284.43,32788641.0
AMZN,2257.68,2333.369,2245.0,2307.68,6866567.0
FB,175.187,178.19,172.82,176.97,17423003.0
GOOG,1245.61,1280.46,1240.4,1262.47,1671703.0
MSFT,171.2,173.57,169.24,171.88,40940833.0
NFLX,413.0,434.98,412.25,426.75,13561222.0
TSLA,742.0,753.13,710.0,729.83,23577001.0
AAPL,287.38,288.197,282.35,286.69,39281290.0
AMZN,2346.0,2460.998,2335.0,2408.19,12038201.0
FB,177.95,178.05,172.51,176.25,23593229.0
GOOG,1274.1,1279.0,1242.62,1263.47,2518099.0
MSFT,174.3,177.28,172.9,177.04,50479610.0
NFLX,437.0,449.52,431.61,439.17,16128666.0
TSLA,716.94,759.45,706.715,745.21,20657862.0
AAPL,284.69,286.945,276.86,282.8,53812478.0
AMZN,2372.33,2400.0,2316.02,2375.0,7930010.0
FB,179.2,180.28,176.66,179.24,20974750.0
GOOG,1284.85,1294.43,1271.23,1283.25,1949042.0
MSFT,179.5,180.0,175.87,178.6,52765625.0
NFLX,431.0,432.0,414.695,422.96,12616258.0
TSLA,772.28,774.95,747.66,753.89,13128237.0
AAPL,277.95,281.68,276.85,276.93,32503750.0
AMZN,2389.95,2444.98,2386.05,2393.61,5770694.0
FB,177.41,180.5,176.77,178.24,16110664.0
GOOG,1271.0,1281.6,1261.37,1266.61,1695488.0
MSFT,176.63,178.75,174.99,175.06,36669595.0
NFLX,435.17,444.49,430.56,437.49,12655818.0
TSLA,732.7,765.57,712.21,746.36,14746577.0
AAPL,276.28,277.25,265.43,268.37,45247893.0
AMZN,2416.61,2428.31,2279.66,2328.12,7476679.0
FB,175.25,175.38,168.34099999999998,170.8,24850528.0
GOOG,1247.0,1254.27,1209.71,1216.34,2153003.0
MSFT,173.5,173.6699,166.1102,167.82,56203749.0
NFLX,444.77,447.0,425.6,433.83,23177550.0
TSLA,730.12,753.33,673.79,686.72,20209093.0
AAPL,273.61,277.9,272.2,276.1,29264342.0
AMZN,2369.0,2394.0,2351.0,2363.49,4218295.0
FB,178.45,184.78,178.14,182.28,33369931.0
GOOG,1245.54,1285.613,1242.0,1263.21,2093140.0
MSFT,171.39,174.0,170.82,173.52,34651604.0
NFLX,429.725,433.0,413.0,421.42,21123773.0
TSLA,703.98,734.0,688.71,732.11,14224831.0
AAPL,275.87,281.75,274.87,275.03,31203582.0
AMZN,2399.98,2424.22,2382.08,2399.45,5066552.0
FB,184.08,187.05,183.15,185.13,21426604.0
GOOG,1271.55,1293.31,1265.67,1276.31,1566203.0
MSFT,174.11,175.06,170.91,171.42,32790804.0
NFLX,419.26,438.413,419.26,426.7,13952330.0
TSLA,727.6,734.0,703.13,705.63,13236697.0
AAPL,277.2,283.01,277.0,282.97,31627183.0
AMZN,2417.0,2420.433,2382.0,2410.22,3831797.0
FB,183.23,190.41,180.825,190.07,28868528.0
GOOG,1261.17,1280.4,1249.45,1279.31,1640394.0
MSFT,172.06,174.56,170.71,174.55,34305320.0
NFLX,425.0,427.17,415.88,424.99,8670362.0
TSLA,710.81,730.73,698.18,725.15,13237612.0
AAPL,281.8,284.54,279.95,283.17,29271893.0
AMZN,2443.2,2444.88,2363.0,2376.0,5645645.0
FB,192.657,193.75,187.41,187.5,29197750.0
GOOG,1296.0,1296.15,1269.0,1275.88,1600563.0
MSFT,176.59,176.9,173.3,174.05,33194384.0
NFLX,425.0,429.0,420.84,421.38,6277480.0
TSLA,737.61,799.49,735.0,798.75,20681442.0
AAPL,285.08,285.83,278.2,278.58,28001187.0
AMZN,2372.1,2373.5,2306.0,2314.08,5269446.0
FB,188.66,189.2,182.56,182.91,21730986.0
GOOG,1287.93,1288.05,1232.2,1233.67,2951309.0
MSFT,175.59,175.67,169.39,169.81,34392694.0
NFLX,419.99,421.0,402.91,403.83,10101233.0
TSLA,795.64,805.0,756.69,769.12,15221964.0
AAPL,284.73,289.67,283.89,287.73,34320204.0
AMZN,2330.01,2391.89,2310.0,2372.71,4591593.0
FB,190.93,196.91,190.0,194.19,45954521.0
GOOG,1341.46,1359.99,1325.34,1341.48,3793630.0
MSFT,173.22,177.68,171.88,177.43,51286559.0
NFLX,399.53,415.86,393.6,411.89,9693137.0
TSLA,790.17,803.2,783.16,800.51,16215982.0
AAPL,289.96,294.53,288.35,293.8,45765968.0
AMZN,2419.84,2475.0,2396.01,2474.0,9534611.0
FB,206.92,209.69,201.57,204.71,46230116.0
GOOG,1324.88,1352.82,1322.49,1348.66,2668906.0
MSFT,180.0,180.4,176.23,179.21,53875857.0
NFLX,410.31,424.44,408.0,419.85,7953975.0
TSLA,855.19,869.82,763.5,781.88,28471854.0
AAPL,286.25,299.0,285.85,289.07,60154175.0
AMZN,2336.8,2362.44,2258.19,2286.04,9772605.0
FB,201.6,207.28,199.05,202.27,30415581.0
GOOG,1328.5,1352.069,1311.0,1320.61,2072639.0
MSFT,175.8,178.64,174.01,174.57,39370474.0
NFLX,415.1,427.97,411.73,415.27,8299858.0
TSLA,755.0,772.77,683.04,701.32,32531807.0
AAPL,289.17,293.69,286.317,293.16,33391986.0
AMZN,2256.38,2326.98,2256.38,2315.99,4865926.0
FB,200.2,205.91,198.75599999999997,205.26,19250673.0
GOOG,1308.23,1327.66,1299.0,1326.8,1504017.0
MSFT,174.49,179.0,173.8,178.84,30372862.0
NFLX,417.78,428.54,414.87,428.15,7799058.0
TSLA,701.0,762.0,698.0,761.19,19237090.0
AAPL,295.06,301.0,294.46,297.56,36937795.0
AMZN,2340.0,2351.0,2307.125,2317.8,3242496.0
FB,207.02,210.38,206.5,207.07,21071223.0
GOOG,1337.92,1373.94,1337.46,1351.11,1651533.0
MSFT,180.62,183.65,179.9,180.76,36839168.0
NFLX,427.555,431.0,421.56,424.68,6286293.0
TSLA,789.79,798.92,762.18,768.21,16991656.0
AAPL,300.46,303.24,298.87,300.63,35583438.0
AMZN,2329.44,2357.45,2320.0,2351.26,3117814.0
FB,208.12,211.6,206.66,208.47,21856963.0
GOOG,1361.69,1371.12,1347.29,1347.3,1215423.0
MSFT,182.08,184.2,181.6306,182.54,32139299.0
NFLX,429.3,439.77,426.385,434.26,6660737.0
TSLA,776.5,789.8,761.11,782.58,11123231.0
AAPL,303.22,305.17,301.97,303.74,28803764.0
AMZN,2374.78,2376.0,2343.11,2367.61,3396411.0
FB,211.16,211.6,209.04,211.26,15151976.0
GOOG,1365.94,1377.6,1355.27,1372.56,1399759.0
MSFT,184.17,184.55,182.58,183.6,28315992.0
NFLX,436.89,438.88,430.66,436.53,5650281.0
TSLA,777.21,796.4,772.35,780.04,11527686.0
AAPL,305.64,310.35,304.29,310.13,33511985.0
AMZN,2372.14,2387.245,2357.0,2379.61,3211228.0
FB,212.24,213.21,210.85,212.35,12524048.0
GOOG,1383.13,1398.76,1375.48,1388.37,1388068.0
MSFT,184.9797,185.0,183.36,184.68,30912638.0
NFLX,434.14,442.0,433.639,435.55,5054308.0
TSLA,793.77,824.0,787.01,819.42,16130087.0
AAPL,308.1,317.05,307.24,315.01,36486561.0
AMZN,2374.7,2419.665,2372.11,2409.0,3259231.0
FB,210.887,215.0,210.37,213.18,12911948.0
GOOG,1378.28,1416.53,1377.152,1403.26,1412116.0
MSFT,183.15,187.51,182.85,186.74,30892660.0
NFLX,436.33,444.89,435.56,440.52,5486037.0
TSLA,790.51,824.0,785.0,811.29,16519601.0
AAPL,317.83,319.688,310.91,311.41,40575263.0
AMZN,2411.85,2419.0,2355.0,2356.95,3074916.0
FB,213.29,215.275,210.0,210.1,14704647.0
GOOG,1407.12,1415.0,1374.77,1375.74,1390600.0
MSFT,186.8,187.04,182.3,182.51,32038199.0
NFLX,442.0,444.17,431.36,431.82,4598211.0
TSLA,827.0,843.29,808.0,809.41,15906905.0
AAPL,312.15,315.95,303.21,307.65,50155639.0
AMZN,2366.8,2407.7,2337.805,2367.92,4782919.0
FB,209.43,210.78,202.11,205.1,20684559.0
GOOG,1377.05,1385.4820000000002,1328.4,1349.33,1812585.0
MSFT,182.55,184.05,176.54,179.75,44711488.0
NFLX,435.69,447.0,427.27,438.27,7014563.0
TSLA,820.83,826.0,763.3,790.96,19065491.0
AAPL,304.51,309.79,301.53,309.54,39732269.0
AMZN,2361.01,2391.37,2353.21,2388.85,3648128.0
FB,202.56,206.93,200.69,206.81,17178947.0
GOOG,1335.02,1357.42,1323.91,1356.13,1603077.0
MSFT,177.54,180.69,175.68,180.53,41873911.0
NFLX,444.9,452.38,432.82,441.95,9007467.0
TSLA,780.0,803.36,764.0,803.33,13682188.0
AAPL,300.35,307.9,300.21,307.71,41587094.0
AMZN,2368.52,2411.0,2356.37,2409.78,4234951.0
FB,205.27,211.34,204.12,210.88,19383154.0
GOOG,1350.0,1374.48,1339.0,1373.19,1707747.0
MSFT,179.06,187.06,177.0,183.16,46610382.0
NFLX,440.7,455.0,437.51,454.19,7243998.0
TSLA,790.35,805.049,786.552,799.17,10518428.0
AAPL,313.17,316.5,310.324,314.96,33843125.0
AMZN,2404.346,2433.0,2384.01,2426.26,4366572.0
FB,212.15,214.644,210.94,213.19,20167443.0
GOOG,1361.75,1392.325,1354.25,1383.94,1823964.0
MSFT,185.75,186.2,183.96,184.91,35306620.0
NFLX,451.16,456.36,443.35,452.58,7780309.0
TSLA,827.78,834.72,803.88,813.63,11698102.0
AAPL,315.03,318.52,313.01,313.14,25432385.0
AMZN,2429.83,2484.995,2428.97,2449.33,4320498.0
FB,213.27,220.49,212.83,216.88,31843152.0
GOOG,1386.996,1392.0,1373.485,1373.485,1280649.0
MSFT,185.03,186.6,183.49,183.63,26799116.0
NFLX,453.397,458.97,450.465,451.04,4810487.0
TSLA,815.17,822.07,806.08,808.01,9636522.0
AAPL,316.68,319.52,316.2,319.23,27876215.0
AMZN,2477.87,2500.01,2467.27,2497.94,3998143.0
FB,223.5,231.34,223.19,229.97,50162875.0
GOOG,1389.58,1410.42,1387.25,1406.72,1655375.0
MSFT,184.81,185.85,183.94,185.66,31261334.0
NFLX,454.25,455.81,444.0,447.67,5607257.0
TSLA,820.5,826.0,811.8,815.56,7309271.0
AAPL,318.66,320.89,315.87,316.85,25672211.0
AMZN,2500.0,2525.45,2442.54,2446.74,5114403.0
FB,234.72,237.2,231.2,231.39,47782636.0
GOOG,1408.0,1415.49,1393.45,1402.8,1385194.0
MSFT,185.4,186.67,183.29,183.43,29119513.0
NFLX,448.56,448.96,430.25,436.25,9117325.0
TSLA,816.0,832.5,796.0,827.6,12254584.0
AAPL,315.77,319.23,315.35,318.89,20450754.0
AMZN,2455.01,2469.85,2430.13,2436.88,2867079.0
FB,231.51,235.99,228.74,234.91,33925564.0
GOOG,1396.71,1412.76,1391.83,1410.42,1309408.0
MSFT,183.19,184.46,182.54,183.51,20826898.0
NFLX,437.0,439.09,427.18,429.32,5422334.0
TSLA,822.173,831.78,812.0,816.88,9987475.0
AAPL,323.5,324.24,316.5,316.73,31380454.0
AMZN,2458.0,2462.0,2414.06,2421.86,3568153.0
FB,239.77,240.9,231.67,232.2,33178318.0
GOOG,1437.27,1441.0,1412.13,1417.02,2060643.0
MSFT,186.34,186.5,181.1,181.57,36073609.0
NFLX,427.77,428.5,413.14,414.77,7881115.0
TSLA,834.5,834.6,815.705,818.87,8089736.0
AAPL,316.14,318.71,313.09,318.11,28236274.0
AMZN,2404.99,2413.58,2330.0,2410.39,5056945.0
FB,229.07,230.56,221.135,229.14,34697553.0
GOOG,1417.25,1421.74,1391.29,1417.84,1686142.0
MSFT,180.2,181.9877,176.6,181.81,39517146.0
NFLX,410.38,420.02,397.86,419.89,10446339.0
TSLA,820.86,827.71,785.0,820.23,11549530.0
AAPL,316.77,323.44,315.63,318.25,33449103.0
AMZN,2384.33,2436.97,2378.23,2401.1,3193136.0
FB,224.3,231.63299999999998,224.0,225.46,29423013.0
GOOG,1396.86,1440.84,1396.0,1416.73,1693976.0
MSFT,180.74,184.1474,180.38,181.4,33831824.0
NFLX,417.24,422.37199999999996,411.5,413.44,5660160.0
TSLA,813.51,824.75,801.69,805.81,7275774.0
AAPL,319.25,321.15,316.47,317.94,38399532.0
AMZN,2415.94,2442.37,2398.197,2442.37,3529329.0
FB,225.2,227.49,222.88,225.09,23322476.0
GOOG,1416.94,1432.57,1413.35,1428.92,1838059.0
MSFT,182.73,184.27,180.41,183.25,42146720.0
NFLX,417.46,420.295,411.85,419.73,5270484.0
TSLA,808.75,835.0,804.21,835.0,11812489.0
AAPL,317.75,322.35,317.21,321.85,20254653.0
AMZN,2448.0,2476.93,2444.17,2471.04,2938032.0
FB,224.59,232.44,223.5,231.91,18223839.0
GOOG,1418.39,1437.96,1418.0,1431.82,1217140.0
MSFT,182.54,183.0,181.46,182.83,22668821.0
NFLX,418.83,426.72,415.98,425.92,3748573.0
TSLA,858.0,899.0,854.1,898.1,15085297.0
AAPL,320.745,323.44,318.93,323.34,21910704.0
AMZN,2467.0,2473.53,2445.31,2472.41,2529903.0
FB,230.94,233.0,226.56,232.72,20919018.0
GOOG,1430.55,1439.61,1418.83,1439.22,1278128.0
MSFT,184.25,185.0,181.35,184.91,30794585.0
NFLX,425.87,427.59,419.46,427.31,3494801.0
TSLA,894.7,908.66,871.0,881.56,13565596.0
AAPL,324.66,326.2,322.3,325.12,26122804.0
AMZN,2468.01,2488.0,2461.17,2478.4,2671024.0
FB,232.11,232.65,228.53,230.16,15380282.0
GOOG,1438.3,1446.5520000000001,1429.777,1436.38,1256186.0
MSFT,184.815,185.94,183.58,185.36,27311016.0
NFLX,426.95,427.1,418.05,421.97,4316044.0
TSLA,888.12,897.94,880.1,882.96,7949469.0
AAPL,324.39,325.62,320.78,322.32,21890091.0
AMZN,2477.43,2507.54,2450.01,2460.6,2948710.0
FB,229.56,231.63,224.61,226.29,17041481.0
GOOG,1430.4,1438.96,1404.73,1412.18,1484272.0
MSFT,184.3,185.84,182.3,182.92,28761809.0
NFLX,422.39,428.71,410.03,414.33,5410529.0
TSLA,889.88,895.75,858.44,864.38,8887713.0
AAPL,323.35,331.75,323.23,331.5,34312550.0
AMZN,2444.51,2488.645,2437.13,2483.0,3306445.0
FB,226.71,231.35,225.31,230.77,16750438.0
GOOG,1413.17,1445.05,1406.0,1438.39,1735244.0
MSFT,182.62,187.73,182.01,187.2,39893643.0
NFLX,407.29,420.23900000000003,404.25,419.6,5099561.0
TSLA,877.84,886.52,866.2,885.66,7811917.0
AAPL,330.25,333.6,327.32,333.46,23913634.0
AMZN,2500.2,2530.0,2487.335,2524.06,3970654.0
FB,229.03,231.55,227.41,231.4,15466499.0
GOOG,1422.34,1447.99,1422.34,1446.61,1404178.0
MSFT,185.94,188.55,184.44,188.36,33211590.0
NFLX,416.0,420.8,406.5,419.49,5851453.0
TSLA,919.0,950.0,909.16,949.92,14174727.0
AAPL,332.14,345.61,332.01,343.99,36928091.0
AMZN,2529.44,2626.43,2525.0,2600.86,5175950.0
FB,231.52,239.77,230.41,238.67,27462872.0
GOOG,1445.36,1468.0,1443.21,1456.16,1409249.0
MSFT,188.0,190.7,187.2605,189.8,29783916.0
NFLX,421.65,434.73,420.31,434.05,6796999.0
TSLA,940.01,954.44,923.931,940.67,11388154.0
AAPL,347.9,354.77,346.09,352.84,41662938.0
AMZN,2645.0,2722.35,2626.26,2647.45,4946031.0
FB,240.96,241.21,235.28,236.73,20720709.0
GOOG,1459.54,1474.259,1456.27,1465.85,1525153.0
MSFT,191.125,198.52,191.01,196.84,43872329.0
NFLX,436.0,439.69,430.55,434.48,4896893.0
TSLA,991.88,1027.48,982.5,1025.05,18563413.0
AAPL,349.31,351.06,335.48,335.9,50415613.0
AMZN,2603.5,2671.38,2536.23,2557.96,5800107.0
FB,229.94,232.89,223.55,224.43,26708163.0
GOOG,1442.48,1454.475,1402.0,1403.84,1991332.0
MSFT,193.13,195.76,186.07,186.27,52854672.0
NFLX,428.2,445.57,424.16,425.56,7462868.0
TSLA,990.2,1018.96,972.0,972.84,15916482.0
AAPL,344.72,347.8,334.223,338.8,50036513.0
AMZN,2601.21,2621.4770000000003,2503.35,2545.02,5436127.0
FB,229.9,231.66,224.5,228.58,22091387.0
GOOG,1428.49,1437.0,1386.02,1413.18,1946367.0
MSFT,190.54,191.72,185.18,187.74,43373587.0
NFLX,429.0,434.06,412.45,418.07,6461127.0
TSLA,980.0,987.98,912.6,935.28,16763374.0
AAPL,333.25,345.68,332.58,342.99,34702230.0
AMZN,2526.6,2584.0,2508.0,2572.68,3873335.0
FB,225.09,233.77,224.8,232.5,15340264.0
GOOG,1390.8,1424.8,1387.92,1419.85,1506096.0
MSFT,184.58,190.82,184.01,188.94,32770189.0
NFLX,421.4,426.49,415.42400000000004,425.5,4471499.0
TSLA,917.79,998.84,908.5,990.9,15697178.0
AAPL,351.46,353.2,344.72,352.08,41357182.0
AMZN,2620.0,2620.0,2576.0,2615.27,3595649.0
FB,237.14,238.46,233.0,235.65,15236691.0
GOOG,1445.22,1455.02,1425.9,1442.72,1711614.0
MSFT,192.89,195.58,191.46,193.57,42556656.0
NFLX,425.76,437.96,425.18,436.13,5514016.0
TSLA,1011.85,1012.88,962.39,982.13,14051078.0
AAPL,355.15,355.4,351.09,351.59,28601626.0
AMZN,2647.5,2655.0,2631.82,2640.98,2959316.0
FB,235.0,237.59,231.727,235.53,19578125.0
GOOG,1447.16,1460.0,1431.38,1451.12,1549615.0
MSFT,195.03,196.32,193.69,194.24,25687822.0
NFLX,441.82,450.46,439.22,447.77,6529568.0
TSLA,987.71,1005.0,982.571,991.79,9890800.0
AAPL,351.41,353.45,349.22,351.73,24205096.0
AMZN,2647.01,2659.64,2636.11,2653.98,2487774.0
FB,234.99,236.14,232.15,235.94,15782452.0
GOOG,1449.16,1451.41,1427.01,1435.96,1581916.0
MSFT,194.0,196.49,194.0,196.32,23061648.0
NFLX,448.73,452.76,442.8,449.87,4277627.0
TSLA,1003.0,1019.2,994.471,1003.96,9751936.0
AAPL,354.635,356.56,345.15,349.72,66118952.0
AMZN,2678.08,2697.43,2659.0,2675.01,5776963.0
FB,237.79,240.83,235.55,238.79,30081291.0
GOOG,1444.0,1447.8,1421.35,1431.72,3157875.0
MSFT,198.59,199.29,194.37,195.15,44441141.0
NFLX,449.12,453.97,445.6,453.72,5933651.0
TSLA,1012.78,1015.97,991.34,1000.9,8679749.0
AAPL,351.34,359.46,351.15,358.87,33861316.0
AMZN,2684.5,2715.0,2669.0,2713.82,3208780.0
FB,238.56,240.7,236.91,239.22,18917782.0
GOOG,1429.0,1452.75,1423.21,1451.86,1542440.0
MSFT,195.79,200.76,195.2301,200.57,32818929.0
NFLX,455.01,468.59,454.21,468.04,6272105.0
TSLA,999.95,1008.88,990.02,994.32,6362350.0
AAPL,364.0,372.38,362.27,366.53,53038869.0
AMZN,2726.02,2783.11,2718.04,2764.41,4231707.0
FB,241.28,245.185,239.86,242.24,24017915.0
GOOG,1455.64,1475.941,1445.24,1464.41,1429764.0
MSFT,202.09,203.95,201.425,201.91,30917447.0
NFLX,466.5,474.01,464.5,466.26,5948436.0
TSLA,998.88,1012.0,994.01,1001.78,6365271.0
AAPL,365.0,368.79,358.52,360.06,48155849.0
AMZN,2780.0,2796.0,2721.0,2734.4,4526605.0
FB,241.2,243.22,232.68,234.02,20834904.0
GOOG,1461.51,1475.42,1429.75,1431.97,1756022.0
MSFT,201.6043,203.25,196.56,197.84,36740647.0
NFLX,468.54,472.36,454.0,457.85,4826191.0
TSLA,994.11,1000.885,953.1410000000001,960.85,10959593.0
AAPL,360.7,365.0,357.57,364.84,34380628.0
AMZN,2739.55,2756.23,2712.14,2754.58,2968657.0
FB,234.62,237.3,232.74,235.68,18704339.0
GOOG,1429.9,1442.9,1420.0,1441.33,1230474.0
MSFT,197.8,200.61,195.4675,200.34,27803933.0
NFLX,458.86,467.01,454.0,465.91,4134513.0
TSLA,954.27,985.98,937.15,985.98,9254549.0
AAPL,364.41,365.32,353.02,353.63,51314211.0
AMZN,2775.0559999999996,2782.5690000000004,2688.0,2692.87,6500784.0
FB,232.64,233.09,215.4,216.08,76343939.0
GOOG,1431.39,1433.45,1351.99,1359.9,4267698.0
MSFT,199.73,199.89,194.88,196.33,54675780.0
NFLX,466.39,468.03,442.24,443.4,6804726.0
TSLA,994.78,995.0,954.87,959.74,8854908.0
AAPL,353.25,362.17400000000004,351.28,361.78,32661519.0
AMZN,2690.01,2696.8,2630.08,2680.38,4223422.0
FB,209.75,220.75,207.11,220.64,58514281.0
GOOG,1358.18,1395.6,1347.01,1394.97,1810180.0
MSFT,195.78,198.53,193.55,198.44,26701586.0
NFLX,445.23,447.67,432.14,447.24,4843978.0
TSLA,969.01,1010.0,948.52,1009.35,9026404.0
AAPL,360.08,365.98,360.0,364.8,35055821.0
AMZN,2685.065,2769.63,2675.03,2758.82,3769686.0
FB,220.59,227.5,218.47,227.07,33927068.0
GOOG,1390.44,1418.65,1383.96,1413.61,2042381.0
MSFT,197.8816,204.4,197.74,203.51,34310283.0
NFLX,450.02,457.59,447.0,455.04,4198545.0
TSLA,1006.5,1087.69,1003.73,1079.81,16918501.0
AAPL,365.12,367.36,363.91,364.11,27684309.0
AMZN,2757.99,2895.0,2754.0,2878.7,6363439.0
FB,228.5,239.0,227.56,237.55,43399739.0
GOOG,1411.1,1443.0,1409.82,1438.04,1775167.0
MSFT,203.14,206.35,201.77,204.7,32061206.0
NFLX,454.0,488.23,454.0,485.64,9705870.0
TSLA,1083.0,1135.33,1080.5,1119.63,13326896.0
AAPL,367.85,370.47,363.64,364.11,28510367.0
AMZN,2912.01,2955.56,2871.1020000000003,2890.3,6593387.0
FB,239.0,240.0,232.61,233.42,30633620.0
GOOG,1446.94,1482.95,1446.42,1464.7,1859480.0
MSFT,205.68,208.02,205.0,206.26,29315762.0
NFLX,485.64,492.28,475.526,476.89,6351485.0
TSLA,1221.48,1228.0,1185.6,1208.66,17250115.0
AAPL,370.0,375.78,369.87,373.85,29663913.0
AMZN,2934.97,3059.88,2930.0,3057.04,6880642.0
FB,233.76,240.4,232.27,240.28,26206158.0
GOOG,1480.06,1506.59,1472.86,1495.7,1563997.0
MSFT,208.8335,211.13,208.09,210.7,31897629.0
NFLX,480.77,499.5,479.8,493.81,7838990.0
TSLA,1276.69,1377.79,1266.0439999999999,1371.58,20569864.0
AAPL,375.41,378.62,372.23,372.69,28106114.0
AMZN,3058.55,3069.55,2990.0,3000.12,5257514.0
FB,239.41,247.65,238.82,240.86,27887786.0
GOOG,1490.0,1516.8,1483.55,1485.18,1458172.0
MSFT,210.45,214.67,207.99,208.25,33600732.0
NFLX,497.31,504.82,490.83,493.16,5669870.0
TSLA,1405.01,1429.5,1336.71,1389.86,21489661.0
AAPL,376.72,381.5,376.36,381.37,29272970.0
AMZN,3022.61,3083.97,3012.43,3081.11,5037635.0
FB,238.11,246.99,236.59,243.58,29791339.0
GOOG,1494.32,1505.88,1485.63,1496.0,1249658.0
MSFT,210.07,213.26,208.69,212.83,33600025.0
NFLX,498.575,505.1,493.81,502.78,5691682.0
TSLA,1405.0,1417.26,1311.34,1365.88,16311312.0
AAPL,385.05,385.27,378.69,382.73,31410652.0
AMZN,3115.99,3193.88,3074.002,3182.63,6388659.0
FB,245.0,246.525,239.24,244.5,22174896.0
GOOG,1506.45,1522.72,1488.085,1510.99,1423322.0
MSFT,216.33,216.38,211.47,214.32,33121681.0
NFLX,508.4,510.0,495.78,507.76,5840541.0
TSLA,1396.99,1408.56,1351.28,1394.28,11717598.0
AAPL,381.34,383.92,378.82099999999997,383.68,22564330.0
AMZN,3191.76,3215.0,3135.7,3200.0,5485982.0
FB,243.685,245.49,239.32,245.07,22982716.0
GOOG,1506.15,1543.83,1496.54,1541.74,1856704.0
MSFT,213.62,214.08,211.08,213.67,26177633.0
NFLX,519.73,555.88,511.28,548.73,21605587.0
TSLA,1396.0,1548.915,1376.01,1544.65,23337553.0
AAPL,389.06,399.82,381.03,381.91,47912285.0
AMZN,3251.06,3344.29,3068.39,3104.0,7720420.0
FB,247.005,250.15,238.42,239.0,24674874.0
GOOG,1550.0,1577.132,1505.243,1511.34,1846424.0
MSFT,214.48,215.8,206.5,207.07,38135606.0
NFLX,567.98,575.37,520.96,525.5,18399020.0
TSLA,1659.0,1794.99,1471.11,1497.06,38985362.0
AAPL,379.36,389.02,375.51,388.23,42747341.0
AMZN,3089.0,3127.38,2950.0,3084.0,7231933.0
FB,236.76,240.33,232.03,239.73,23378056.0
GOOG,1490.31,1522.95,1483.5,1520.58,1585016.0
MSFT,206.13,208.85,202.03,208.35,37591820.0
NFLX,517.08,525.5,490.49,524.88,15083300.0
TSLA,1556.0,1590.0,1431.0,1516.8,23418140.0
AAPL,395.96,396.99,385.96,390.9,38299483.0
AMZN,3080.23,3098.35,2973.18,3008.87,5788874.0
FB,241.55,244.82,238.05,240.28,19133562.0
GOOG,1523.13,1535.33,1498.0,1513.64,1610684.0
MSFT,209.56,211.33,205.03,208.04,32179409.0
NFLX,516.3,529.0,510.18,523.26,10066652.0
TSLA,1543.0,1550.0,1457.0,1546.01,16367829.0
AAPL,386.25,389.62,383.62,386.09,27644418.0
AMZN,2971.06,3032.0,2918.23,2999.9,6394246.0
FB,238.0,241.76,236.331,240.93,18880705.0
GOOG,1500.0,1518.69,1486.31,1518.0,1519345.0
MSFT,205.4,205.7,202.31,203.92,29940653.0
NFLX,526.48,535.54,504.36300000000006,527.39,24498994.0
TSLA,1477.16,1531.71,1466.0,1500.64,14300785.0
AAPL,387.95,388.59,383.36,385.31,23046725.0
AMZN,3009.0,3024.0,2948.45,2961.97,4761319.0
FB,241.0,244.16,237.86,242.03,18152413.0
GOOG,1521.62,1523.44,1498.42,1515.55,1457010.0
MSFT,204.47,205.04,201.39,202.88,31635281.0
NFLX,494.87,503.59,484.14,492.99,24991352.0
TSLA,1513.45,1537.51,1490.0,1500.84,9329972.0
AAPL,385.665,394.0,384.25,393.43,22579477.0
AMZN,3000.2,3201.36,2994.0170000000003,3196.84,7598176.0
FB,240.06,246.05,235.635,245.42,20872223.0
GOOG,1515.26,1570.29,1503.6,1565.72,1557252.0
MSFT,205.0,212.3,203.01,211.6,36884836.0
NFLX,489.14,504.5,484.2,502.41,11940306.0
TSLA,1519.01,1650.0,1488.0,1643.0,17121367.0
AAPL,396.69,397.0,386.97,388.0,25911459.0
AMZN,3232.49,3240.5759999999996,3105.72,3138.29,6134965.0
FB,246.22,246.91,240.08,241.75,19409687.0
GOOG,1586.99,1586.99,1554.28,1558.42,1218645.0
MSFT,213.66,213.94,208.03,208.75,38105777.0
NFLX,506.0,506.22,488.61,490.1,9127218.0
TSLA,1639.93,1675.0,1558.0,1568.36,16157280.0
AAPL,386.77,391.9,386.41,389.09,22250413.0
AMZN,3125.0,3150.0,3065.26,3099.91,4104225.0
FB,240.26,241.9,238.12,239.87,15427885.0
GOOG,1560.5,1570.0,1546.1,1568.49,931985.0
MSFT,209.2,212.3,208.39,211.75,49605692.0
NFLX,492.19,497.2,487.2,489.82,6954078.0
TSLA,1599.0,1626.42,1562.0,1592.33,14161080.0
AAPL,387.99300000000005,388.31,368.039,371.38,49251108.0
AMZN,3098.2709999999997,3098.2709999999997,2970.0,2986.55,5656906.0
FB,239.63,242.42,231.75,232.6,21771802.0
GOOG,1566.97,1571.87,1507.392,1515.68,1627634.0
MSFT,207.19,210.92,202.15,202.54,67457035.0
NFLX,491.13,491.9,472.02,477.58,7722034.0
TSLA,1678.95,1689.0,1480.77,1513.07,24328504.0
AAPL,363.95,371.88,356.58,370.46,46359716.0
AMZN,2930.0,3031.58,2888.0,3008.91,5632413.0
FB,230.19,233.49,226.9,230.71,18325813.0
GOOG,1498.93,1517.636,1488.4,1511.87,1544404.0
MSFT,200.42,202.86,197.51,201.3,39826989.0
NFLX,468.77,487.17,467.54,480.45,7746247.0
TSLA,1416.01,1465.0,1366.54,1417.0,19396616.0
AAPL,374.84,379.62,373.92,379.24,30303548.0
AMZN,3062.0,3098.0,3015.77,3055.21,4170492.0
FB,231.46,234.95,230.83,233.5,13163083.0
GOOG,1515.6,1540.97,1515.21,1530.2,1245980.0
MSFT,201.47,203.97,200.86,203.85,30160867.0
NFLX,484.51,496.92,482.31,495.65,7863069.0
TSLA,1435.0,1547.94,1413.0,1539.6,16048669.0
AAPL,377.47,378.199,372.99,373.01,25906375.0
AMZN,3054.27,3077.093,2995.76,3000.33,3126651.0
FB,234.63,234.96,229.83,230.12,14170112.0
GOOG,1525.18,1526.48,1497.66,1500.34,1702174.0
MSFT,203.61,204.7,201.74,202.02,23251388.0
NFLX,496.02,497.793,487.76,488.51,5986727.0
TSLA,1504.0,1564.7,1474.42,1476.49,15808700.0
AAPL,375.0,380.92,374.85,380.16,22582314.0
AMZN,3030.99,3039.159,2996.77,3033.53,2974060.0
FB,231.14,233.7,230.31,233.29,13588317.0
GOOG,1506.32,1531.2520000000002,1501.33,1522.02,1106534.0
MSFT,202.5,204.65,202.01,204.06,19632602.0
NFLX,492.25,494.92,484.13,484.48,6611769.0
TSLA,1501.0,1534.81,1487.0,1499.11,9426893.0
AAPL,376.75,385.19,375.07,384.76,39532505.0
AMZN,3014.0,3092.0,3005.0,3051.88,6128265.0
FB,230.22,234.893,229.0,234.5,20615306.0
GOOG,1497.0,1537.87,1492.22,1531.45,1671396.0
MSFT,201.0,204.46,199.57,203.9,25079596.0
NFLX,480.707,488.35,477.51,485.8,6608569.0
TSLA,1488.0,1513.24,1471.0,1487.49,7621039.0
AAPL,411.535,425.66,403.3,425.04,93573867.0
AMZN,3244.0,3246.82,3151.0,3164.68,8083369.0
FB,255.82,255.85,249.0,253.67,53030037.0
GOOG,1505.01,1508.95,1454.03,1482.96,3429036.0
MSFT,204.4,205.1,199.01,205.01,51247969.0
NFLX,488.29,494.8,484.5,488.88,5924310.0
TSLA,1515.0,1517.05,1420.98,1430.76,12246960.0
